Indicator ID,Indicator Name,Parent Code,Parent Name,Area Code,Area Name,Area Type,Sex,Age,Category Type,Category,Time period,Value,Lower CI 95.0 limit,Upper CI 95.0 limit,Lower CI 99.8 limit,Upper CI 99.8 limit,Count,Denominator,Value note,Recent Trend,Compared to England value or percentiles,Compared to percentiles,Time period Sortable,New data,Compared to goal,Year
92453,"Temporary Resident Care Home Deaths, Persons, All Ages (%)",E92000001,England,E08000001,Bolton,County & UA (4/19-3/20),Persons,All ages,,,2008,36.7123288,31.929581,41.771857,29.3470044,44.7552195,134.0,365.0,,,Similar,Not compared,20080000,,,2008-01-01
92453,"Temporary Resident Care Home Deaths, Persons, All Ages (%)",E92000001,England,E08000010,Wigan,District & UA (4/19-3/20),Persons,All ages,,,2008,23.1770833,19.234879,27.6506343,17.2227606,30.4331298,89.0,384.0,,,Lower,Not compared,20080000,,,2008-01-01
92453,"Temporary Resident Care Home Deaths, Persons, All Ages (%)",E92000001,England,E08000009,Trafford,District & UA (4/19-3/20),Persons,All ages,,,2008,35.1219512,28.9157603,41.8754799,25.6915833,45.8767541,72.0,205.0,,,Similar,Not compared,20080000,,,2008-01-01
92453,"Temporary Resident Care Home Deaths, Persons, All Ages (%)",E92000001,England,E08000008,Tameside,District & UA (4/19-3/20),Persons,All ages,,,2008,32.9710145,27.6918734,38.7176785,24.9246483,42.1563698,91.0,276.0,,,Similar,Not compared,20080000,,,2008-01-01
92453,"Temporary Resident Care Home Deaths, Persons, All Ages (%)",E92000001,England,E08000007,Stockport,District & UA (4/19-3/20),Persons,All ages,,,2008,57.3684211,53.2725294,61.3656601,50.8976848,63.5963308,327.0,570.0,,,Higher,Not compared,20080000,,,2008-01-01
92453,"Temporary Resident Care Home Deaths, Persons, All Ages (%)",E92000001,England,E08000006,Salford,District & UA (4/19-3/20),Persons,All ages,,,2008,18.86121,14.7187598,23.8435546,12.7190041,27.0503025,53.0,281.0,,,Lower,Not compared,20080000,,,2008-01-01
92453,"Temporary Resident Care Home Deaths, Persons, All Ages (%)",E92000001,England,E08000005,Rochdale,District & UA (4/19-3/20),Persons,All ages,,,2008,29.1139241,24.3798113,34.3497416,21.9218975,37.5312777,92.0,316.0,,,Similar,Not compared,20080000,,,2008-01-01
92453,"Temporary Resident Care Home Deaths, Persons, All Ages (%)",E92000001,England,E08000004,Oldham,District & UA (4/19-3/20),Persons,All ages,,,2008,24.4067797,19.85472,29.6168156,17.5610248,32.85755,72.0,295.0,,,Lower,Not compared,20080000,,,2008-01-01
92453,"Temporary Resident Care Home Deaths, Persons, All Ages (%)",E92000001,England,E08000002,Bury,District & UA (4/19-3/20),Persons,All ages,,,2008,28.611898,24.1473175,33.5369716,21.818765,36.531754,101.0,353.0,,,Lower,Not compared,20080000,,,2008-01-01
92453,"Temporary Resident Care Home Deaths, Persons, All Ages (%)",E92000001,England,E08000001,Bolton,District & UA (4/19-3/20),Persons,All ages,,,2008,36.7123288,31.929581,41.771857,29.3470044,44.7552195,134.0,365.0,,,Similar,Not compared,20080000,,,2008-01-01
92453,"Temporary Resident Care Home Deaths, Persons, All Ages (%)",E92000001,England,E08000003,Manchester,District & UA (4/19-3/20),Persons,All ages,,,2008,28.8056206,24.7142907,33.2748962,22.5553649,35.9831319,123.0,427.0,,,Lower,Not compared,20080000,,,2008-01-01
92453,"Temporary Resident Care Home Deaths, Persons, All Ages (%)",E92000001,England,E08000009,Trafford,County & UA (4/19-3/20),Persons,All ages,,,2008,35.1219512,28.9157603,41.8754799,25.6915833,45.8767541,72.0,205.0,,,Similar,Not compared,20080000,,,2008-01-01
92453,"Temporary Resident Care Home Deaths, Persons, All Ages (%)",E92000001,England,E08000008,Tameside,County & UA (4/19-3/20),Persons,All ages,,,2008,32.9710145,27.6918734,38.7176785,24.9246483,42.1563698,91.0,276.0,,,Similar,Not compared,20080000,,,2008-01-01
92453,"Temporary Resident Care Home Deaths, Persons, All Ages (%)",E92000001,England,E08000007,Stockport,County & UA (4/19-3/20),Persons,All ages,,,2008,57.3684211,53.2725294,61.3656601,50.8976848,63.5963308,327.0,570.0,,,Higher,Not compared,20080000,,,2008-01-01
92453,"Temporary Resident Care Home Deaths, Persons, All Ages (%)",E92000001,England,E08000006,Salford,County & UA (4/19-3/20),Persons,All ages,,,2008,18.86121,14.7187598,23.8435546,12.7190041,27.0503025,53.0,281.0,,,Lower,Not compared,20080000,,,2008-01-01
92453,"Temporary Resident Care Home Deaths, Persons, All Ages (%)",E92000001,England,E08000005,Rochdale,County & UA (4/19-3/20),Persons,All ages,,,2008,29.1139241,24.3798113,34.3497416,21.9218975,37.5312777,92.0,316.0,,,Similar,Not compared,20080000,,,2008-01-01
92453,"Temporary Resident Care Home Deaths, Persons, All Ages (%)",E92000001,England,E08000004,Oldham,County & UA (4/19-3/20),Persons,All ages,,,2008,24.4067797,19.85472,29.6168156,17.5610248,32.85755,72.0,295.0,,,Lower,Not compared,20080000,,,2008-01-01
92453,"Temporary Resident Care Home Deaths, Persons, All Ages (%)",E92000001,England,E08000003,Manchester,County & UA (4/19-3/20),Persons,All ages,,,2008,28.8056206,24.7142907,33.2748962,22.5553649,35.9831319,123.0,427.0,,,Lower,Not compared,20080000,,,2008-01-01
92453,"Temporary Resident Care Home Deaths, Persons, All Ages (%)",E92000001,England,E08000002,Bury,County & UA (4/19-3/20),Persons,All ages,,,2008,28.611898,24.1473175,33.5369716,21.818765,36.531754,101.0,353.0,,,Lower,Not compared,20080000,,,2008-01-01
92453,"Temporary Resident Care Home Deaths, Persons, All Ages (%)",E92000001,England,E08000010,Wigan,County & UA (4/19-3/20),Persons,All ages,,,2008,23.1770833,19.234879,27.6506343,17.2227606,30.4331298,89.0,384.0,,,Lower,Not compared,20080000,,,2008-01-01
92453,"Temporary Resident Care Home Deaths, Persons, All Ages (%)",E92000001,England,E08000005,Rochdale,District & UA (4/19-3/20),Persons,All ages,,,2009,27.0096463,22.3776468,32.2026679,20.0003592,35.3887511,84.0,311.0,,,Lower,Not compared,20090000,,,2009-01-01
92453,"Temporary Resident Care Home Deaths, Persons, All Ages (%)",E92000001,England,E08000001,Bolton,District & UA (4/19-3/20),Persons,All ages,,,2009,37.1052632,32.3998097,42.0688159,29.8510592,44.9916781,141.0,380.0,,,Similar,Not compared,20090000,,,2009-01-01
92453,"Temporary Resident Care Home Deaths, Persons, All Ages (%)",E92000001,England,E08000002,Bury,District & UA (4/19-3/20),Persons,All ages,,,2009,28.2467532,23.5108093,33.5186375,21.0664576,36.7354016,87.0,308.0,,,Lower,Not compared,20090000,,,2009-01-01
92453,"Temporary Resident Care Home Deaths, Persons, All Ages (%)",E92000001,England,E08000003,Manchester,District & UA (4/19-3/20),Persons,All ages,,,2009,31.6301703,27.3220752,36.278477,25.0273555,39.0672428,130.0,411.0,,,Similar,Not compared,20090000,,,2009-01-01
92453,"Temporary Resident Care Home Deaths, Persons, All Ages (%)",E92000001,England,E08000004,Oldham,District & UA (4/19-3/20),Persons,All ages,,,2009,18.9964158,14.8265837,24.0084087,12.81286,27.2320964,53.0,279.0,,,Lower,Not compared,20090000,,,2009-01-01
92453,"Temporary Resident Care Home Deaths, Persons, All Ages (%)",E92000001,England,E08000006,Salford,District & UA (4/19-3/20),Persons,All ages,,,2009,27.972028,23.0882393,33.4397189,20.5840229,36.7835298,80.0,286.0,,,Lower,Not compared,20090000,,,2009-01-01
92453,"Temporary Resident Care Home Deaths, Persons, All Ages (%)",E92000001,England,E08000008,Tameside,District & UA (4/19-3/20),Persons,All ages,,,2009,28.3950617,23.0961262,34.366449,20.4058182,38.0181798,69.0,243.0,,,Similar,Not compared,20090000,,,2009-01-01
92453,"Temporary Resident Care Home Deaths, Persons, All Ages (%)",E92000001,England,E08000005,Rochdale,County & UA (4/19-3/20),Persons,All ages,,,2009,27.0096463,22.3776468,32.2026679,20.0003592,35.3887511,84.0,311.0,,,Lower,Not compared,20090000,,,2009-01-01
92453,"Temporary Resident Care Home Deaths, Persons, All Ages (%)",E92000001,England,E08000009,Trafford,District & UA (4/19-3/20),Persons,All ages,,,2009,43.8423645,37.1936712,50.719777,33.597882,54.6401539,89.0,203.0,,,Higher,Not compared,20090000,,,2009-01-01
92453,"Temporary Resident Care Home Deaths, Persons, All Ages (%)",E92000001,England,E08000010,Wigan,District & UA (4/19-3/20),Persons,All ages,,,2009,26.4935065,22.3333295,31.1181361,20.1734035,33.951495,102.0,385.0,,,Lower,Not compared,20090000,,,2009-01-01
92453,"Temporary Resident Care Home Deaths, Persons, All Ages (%)",E92000001,England,E08000010,Wigan,County & UA (4/19-3/20),Persons,All ages,,,2009,26.4935065,22.3333295,31.1181361,20.1734035,33.951495,102.0,385.0,,,Lower,Not compared,20090000,,,2009-01-01
92453,"Temporary Resident Care Home Deaths, Persons, All Ages (%)",E92000001,England,E08000009,Trafford,County & UA (4/19-3/20),Persons,All ages,,,2009,43.8423645,37.1936712,50.719777,33.597882,54.6401539,89.0,203.0,,,Higher,Not compared,20090000,,,2009-01-01
92453,"Temporary Resident Care Home Deaths, Persons, All Ages (%)",E92000001,England,E08000008,Tameside,County & UA (4/19-3/20),Persons,All ages,,,2009,28.3950617,23.0961262,34.366449,20.4058182,38.0181798,69.0,243.0,,,Similar,Not compared,20090000,,,2009-01-01
92453,"Temporary Resident Care Home Deaths, Persons, All Ages (%)",E92000001,England,E08000007,Stockport,County & UA (4/19-3/20),Persons,All ages,,,2009,56.2929062,51.6074398,60.8687008,48.9033911,63.4132715,246.0,437.0,,,Higher,Not compared,20090000,,,2009-01-01
92453,"Temporary Resident Care Home Deaths, Persons, All Ages (%)",E92000001,England,E08000006,Salford,County & UA (4/19-3/20),Persons,All ages,,,2009,27.972028,23.0882393,33.4397189,20.5840229,36.7835298,80.0,286.0,,,Lower,Not compared,20090000,,,2009-01-01
92453,"Temporary Resident Care Home Deaths, Persons, All Ages (%)",E92000001,England,E08000007,Stockport,District & UA (4/19-3/20),Persons,All ages,,,2009,56.2929062,51.6074398,60.8687008,48.9033911,63.4132715,246.0,437.0,,,Higher,Not compared,20090000,,,2009-01-01
92453,"Temporary Resident Care Home Deaths, Persons, All Ages (%)",E92000001,England,E08000004,Oldham,County & UA (4/19-3/20),Persons,All ages,,,2009,18.9964158,14.8265837,24.0084087,12.81286,27.2320964,53.0,279.0,,,Lower,Not compared,20090000,,,2009-01-01
92453,"Temporary Resident Care Home Deaths, Persons, All Ages (%)",E92000001,England,E08000003,Manchester,County & UA (4/19-3/20),Persons,All ages,,,2009,31.6301703,27.3220752,36.278477,25.0273555,39.0672428,130.0,411.0,,,Similar,Not compared,20090000,,,2009-01-01
92453,"Temporary Resident Care Home Deaths, Persons, All Ages (%)",E92000001,England,E08000002,Bury,County & UA (4/19-3/20),Persons,All ages,,,2009,28.2467532,23.5108093,33.5186375,21.0664576,36.7354016,87.0,308.0,,,Lower,Not compared,20090000,,,2009-01-01
92453,"Temporary Resident Care Home Deaths, Persons, All Ages (%)",E92000001,England,E08000001,Bolton,County & UA (4/19-3/20),Persons,All ages,,,2009,37.1052632,32.3998097,42.0688159,29.8510592,44.9916781,141.0,380.0,,,Similar,Not compared,20090000,,,2009-01-01
92453,"Temporary Resident Care Home Deaths, Persons, All Ages (%)",E92000001,England,E08000009,Trafford,District & UA (4/19-3/20),Persons,All ages,,,2010,46.039604,39.3040862,52.9229413,35.6270541,56.8097054,93.0,202.0,,,Higher,Not compared,20100000,,,2010-01-01
92453,"Temporary Resident Care Home Deaths, Persons, All Ages (%)",E92000001,England,E08000008,Tameside,District & UA (4/19-3/20),Persons,All ages,,,2010,25.0980392,20.1727043,30.7625128,17.7103705,34.2834973,64.0,255.0,,,Lower,Not compared,20100000,,,2010-01-01
92453,"Temporary Resident Care Home Deaths, Persons, All Ages (%)",E92000001,England,E08000007,Stockport,District & UA (4/19-3/20),Persons,All ages,,,2010,54.4052863,49.8060376,58.9306112,47.1653599,61.4637071,247.0,454.0,,,Higher,Not compared,20100000,,,2010-01-01
92453,"Temporary Resident Care Home Deaths, Persons, All Ages (%)",E92000001,England,E08000010,Wigan,District & UA (4/19-3/20),Persons,All ages,,,2010,22.3376623,18.4620727,26.7598178,16.4928514,29.5215319,86.0,385.0,,,Lower,Not compared,20100000,,,2010-01-01
92453,"Temporary Resident Care Home Deaths, Persons, All Ages (%)",E92000001,England,E08000005,Rochdale,District & UA (4/19-3/20),Persons,All ages,,,2010,21.0843373,17.0399928,25.7901745,15.0244043,28.7612022,70.0,332.0,,,Lower,Not compared,20100000,,,2010-01-01
92453,"Temporary Resident Care Home Deaths, Persons, All Ages (%)",E92000001,England,E08000002,Bury,District & UA (4/19-3/20),Persons,All ages,,,2010,29.5031056,24.7870503,34.702451,22.3310821,37.8558626,95.0,322.0,,,Similar,Not compared,20100000,,,2010-01-01
92453,"Temporary Resident Care Home Deaths, Persons, All Ages (%)",E92000001,England,E08000001,Bolton,District & UA (4/19-3/20),Persons,All ages,,,2010,51.7857143,46.8459157,56.6908538,44.0373887,59.4491052,203.0,392.0,,,Higher,Not compared,20100000,,,2010-01-01
92453,"Temporary Resident Care Home Deaths, Persons, All Ages (%)",E92000001,England,E08000006,Salford,District & UA (4/19-3/20),Persons,All ages,,,2010,26.7558528,22.0561713,32.0452253,19.6541227,35.2963848,80.0,299.0,,,Lower,Not compared,20100000,,,2010-01-01
92453,"Temporary Resident Care Home Deaths, Persons, All Ages (%)",E92000001,England,E08000003,Manchester,District & UA (4/19-3/20),Persons,All ages,,,2010,28.7804878,24.611072,33.3438414,22.4159882,36.1109591,118.0,410.0,,,Similar,Not compared,20100000,,,2010-01-01
92453,"Temporary Resident Care Home Deaths, Persons, All Ages (%)",E92000001,England,E08000004,Oldham,District & UA (4/19-3/20),Persons,All ages,,,2010,19.8019802,15.7051468,24.6549334,13.6980508,27.7512303,60.0,303.0,,,Lower,Not compared,20100000,,,2010-01-01
92453,"Temporary Resident Care Home Deaths, Persons, All Ages (%)",E92000001,England,E08000009,Trafford,County & UA (4/19-3/20),Persons,All ages,,,2010,46.039604,39.3040862,52.9229413,35.6270541,56.8097054,93.0,202.0,,,Higher,Not compared,20100000,,,2010-01-01
92453,"Temporary Resident Care Home Deaths, Persons, All Ages (%)",E92000001,England,E08000001,Bolton,County & UA (4/19-3/20),Persons,All ages,,,2010,51.7857143,46.8459157,56.6908538,44.0373887,59.4491052,203.0,392.0,,,Higher,Not compared,20100000,,,2010-01-01
92453,"Temporary Resident Care Home Deaths, Persons, All Ages (%)",E92000001,England,E08000002,Bury,County & UA (4/19-3/20),Persons,All ages,,,2010,29.5031056,24.7870503,34.702451,22.3310821,37.8558626,95.0,322.0,,,Similar,Not compared,20100000,,,2010-01-01
92453,"Temporary Resident Care Home Deaths, Persons, All Ages (%)",E92000001,England,E08000003,Manchester,County & UA (4/19-3/20),Persons,All ages,,,2010,28.7804878,24.611072,33.3438414,22.4159882,36.1109591,118.0,410.0,,,Similar,Not compared,20100000,,,2010-01-01
92453,"Temporary Resident Care Home Deaths, Persons, All Ages (%)",E92000001,England,E08000004,Oldham,County & UA (4/19-3/20),Persons,All ages,,,2010,19.8019802,15.7051468,24.6549334,13.6980508,27.7512303,60.0,303.0,,,Lower,Not compared,20100000,,,2010-01-01
92453,"Temporary Resident Care Home Deaths, Persons, All Ages (%)",E92000001,England,E08000005,Rochdale,County & UA (4/19-3/20),Persons,All ages,,,2010,21.0843373,17.0399928,25.7901745,15.0244043,28.7612022,70.0,332.0,,,Lower,Not compared,20100000,,,2010-01-01
92453,"Temporary Resident Care Home Deaths, Persons, All Ages (%)",E92000001,England,E08000006,Salford,County & UA (4/19-3/20),Persons,All ages,,,2010,26.7558528,22.0561713,32.0452253,19.6541227,35.2963848,80.0,299.0,,,Lower,Not compared,20100000,,,2010-01-01
92453,"Temporary Resident Care Home Deaths, Persons, All Ages (%)",E92000001,England,E08000007,Stockport,County & UA (4/19-3/20),Persons,All ages,,,2010,54.4052863,49.8060376,58.9306112,47.1653599,61.4637071,247.0,454.0,,,Higher,Not compared,20100000,,,2010-01-01
92453,"Temporary Resident Care Home Deaths, Persons, All Ages (%)",E92000001,England,E08000008,Tameside,County & UA (4/19-3/20),Persons,All ages,,,2010,25.0980392,20.1727043,30.7625128,17.7103705,34.2834973,64.0,255.0,,,Lower,Not compared,20100000,,,2010-01-01
92453,"Temporary Resident Care Home Deaths, Persons, All Ages (%)",E92000001,England,E08000010,Wigan,County & UA (4/19-3/20),Persons,All ages,,,2010,22.3376623,18.4620727,26.7598178,16.4928514,29.5215319,86.0,385.0,,,Lower,Not compared,20100000,,,2010-01-01
92453,"Temporary Resident Care Home Deaths, Persons, All Ages (%)",E92000001,England,E08000001,Bolton,District & UA (4/19-3/20),Persons,All ages,,,2011,48.5193622,43.8773623,53.1870498,41.2585015,55.8432679,213.0,439.0,,,Higher,Not compared,20110000,,,2011-01-01
92453,"Temporary Resident Care Home Deaths, Persons, All Ages (%)",E92000001,England,E08000002,Bury,District & UA (4/19-3/20),Persons,All ages,,,2011,30.8108108,26.3235256,35.6924583,23.9540674,38.6331612,114.0,370.0,,,Similar,Not compared,20110000,,,2011-01-01
92453,"Temporary Resident Care Home Deaths, Persons, All Ages (%)",E92000001,England,E08000003,Manchester,District & UA (4/19-3/20),Persons,All ages,,,2011,30.0546448,25.5844404,34.9391849,23.2329799,37.8906573,110.0,366.0,,,Similar,Not compared,20110000,,,2011-01-01
92453,"Temporary Resident Care Home Deaths, Persons, All Ages (%)",E92000001,England,E08000004,Oldham,District & UA (4/19-3/20),Persons,All ages,,,2011,20.2346041,16.3129747,24.8193936,14.3651895,27.7257337,69.0,341.0,,,Lower,Not compared,20110000,,,2011-01-01
92453,"Temporary Resident Care Home Deaths, Persons, All Ages (%)",E92000001,England,E08000008,Tameside,District & UA (4/19-3/20),Persons,All ages,,,2011,23.943662,19.349296,29.2335104,17.047916,32.5346989,68.0,284.0,,,Lower,Not compared,20110000,,,2011-01-01
92453,"Temporary Resident Care Home Deaths, Persons, All Ages (%)",E92000001,England,E08000006,Salford,District & UA (4/19-3/20),Persons,All ages,,,2011,29.7546012,25.0509567,34.929817,22.5967167,38.0648293,97.0,326.0,,,Similar,Not compared,20110000,,,2011-01-01
92453,"Temporary Resident Care Home Deaths, Persons, All Ages (%)",E92000001,England,E08000007,Stockport,District & UA (4/19-3/20),Persons,All ages,,,2011,48.1561822,43.629153,52.7136861,41.0754214,55.3117815,222.0,461.0,,,Higher,Not compared,20110000,,,2011-01-01
92453,"Temporary Resident Care Home Deaths, Persons, All Ages (%)",E92000001,England,E08000010,Wigan,County & UA (4/19-3/20),Persons,All ages,,,2011,31.8289786,27.5608264,36.4257393,25.2830068,39.1810125,134.0,421.0,,,Similar,Not compared,20110000,,,2011-01-01
92453,"Temporary Resident Care Home Deaths, Persons, All Ages (%)",E92000001,England,E08000005,Rochdale,District & UA (4/19-3/20),Persons,All ages,,,2011,22.1238938,18.0314113,26.8410669,15.9747675,29.8005153,75.0,339.0,,,Lower,Not compared,20110000,,,2011-01-01
92453,"Temporary Resident Care Home Deaths, Persons, All Ages (%)",E92000001,England,E08000009,Trafford,County & UA (4/19-3/20),Persons,All ages,,,2011,42.1052632,36.1150403,48.3372906,32.868977,51.9292804,104.0,247.0,,,Higher,Not compared,20110000,,,2011-01-01
92453,"Temporary Resident Care Home Deaths, Persons, All Ages (%)",E92000001,England,E08000006,Salford,County & UA (4/19-3/20),Persons,All ages,,,2011,29.7546012,25.0509567,34.929817,22.5967167,38.0648293,97.0,326.0,,,Similar,Not compared,20110000,,,2011-01-01
92453,"Temporary Resident Care Home Deaths, Persons, All Ages (%)",E92000001,England,E08000007,Stockport,County & UA (4/19-3/20),Persons,All ages,,,2011,48.1561822,43.629153,52.7136861,41.0754214,55.3117815,222.0,461.0,,,Higher,Not compared,20110000,,,2011-01-01
92453,"Temporary Resident Care Home Deaths, Persons, All Ages (%)",E92000001,England,E08000009,Trafford,District & UA (4/19-3/20),Persons,All ages,,,2011,42.1052632,36.1150403,48.3372906,32.868977,51.9292804,104.0,247.0,,,Higher,Not compared,20110000,,,2011-01-01
92453,"Temporary Resident Care Home Deaths, Persons, All Ages (%)",E92000001,England,E08000005,Rochdale,County & UA (4/19-3/20),Persons,All ages,,,2011,22.1238938,18.0314113,26.8410669,15.9747675,29.8005153,75.0,339.0,,,Lower,Not compared,20110000,,,2011-01-01
92453,"Temporary Resident Care Home Deaths, Persons, All Ages (%)",E92000001,England,E08000004,Oldham,County & UA (4/19-3/20),Persons,All ages,,,2011,20.2346041,16.3129747,24.8193936,14.3651895,27.7257337,69.0,341.0,,,Lower,Not compared,20110000,,,2011-01-01
92453,"Temporary Resident Care Home Deaths, Persons, All Ages (%)",E92000001,England,E08000003,Manchester,County & UA (4/19-3/20),Persons,All ages,,,2011,30.0546448,25.5844404,34.9391849,23.2329799,37.8906573,110.0,366.0,,,Similar,Not compared,20110000,,,2011-01-01
92453,"Temporary Resident Care Home Deaths, Persons, All Ages (%)",E92000001,England,E08000002,Bury,County & UA (4/19-3/20),Persons,All ages,,,2011,30.8108108,26.3235256,35.6924583,23.9540674,38.6331612,114.0,370.0,,,Similar,Not compared,20110000,,,2011-01-01
92453,"Temporary Resident Care Home Deaths, Persons, All Ages (%)",E92000001,England,E08000001,Bolton,County & UA (4/19-3/20),Persons,All ages,,,2011,48.5193622,43.8773623,53.1870498,41.2585015,55.8432679,213.0,439.0,,,Higher,Not compared,20110000,,,2011-01-01
92453,"Temporary Resident Care Home Deaths, Persons, All Ages (%)",E92000001,England,E08000008,Tameside,County & UA (4/19-3/20),Persons,All ages,,,2011,23.943662,19.349296,29.2335104,17.047916,32.5346989,68.0,284.0,,,Lower,Not compared,20110000,,,2011-01-01
92453,"Temporary Resident Care Home Deaths, Persons, All Ages (%)",E92000001,England,E08000010,Wigan,District & UA (4/19-3/20),Persons,All ages,,,2011,31.8289786,27.5608264,36.4257393,25.2830068,39.1810125,134.0,421.0,,,Similar,Not compared,20110000,,,2011-01-01
92453,"Temporary Resident Care Home Deaths, Persons, All Ages (%)",E92000001,England,E08000006,Salford,County & UA (4/19-3/20),Persons,All ages,,,2012,27.8350515,23.609391,32.4953049,21.4007827,35.3341687,108.0,388.0,,,Lower,Not compared,20120000,,,2012-01-01
92453,"Temporary Resident Care Home Deaths, Persons, All Ages (%)",E92000001,England,E08000007,Stockport,County & UA (4/19-3/20),Persons,All ages,,,2012,49.1921005,45.0600988,53.3351697,42.7150943,55.6963421,274.0,557.0,,,Higher,Not compared,20120000,,,2012-01-01
92453,"Temporary Resident Care Home Deaths, Persons, All Ages (%)",E92000001,England,E08000008,Tameside,County & UA (4/19-3/20),Persons,All ages,,,2012,32.0132013,27.0135608,37.4632083,24.3895564,40.7359717,97.0,303.0,,,Similar,Not compared,20120000,,,2012-01-01
92453,"Temporary Resident Care Home Deaths, Persons, All Ages (%)",E92000001,England,E08000005,Rochdale,County & UA (4/19-3/20),Persons,All ages,,,2012,22.5519288,18.4137193,27.308846,16.3296383,30.28694,76.0,337.0,,,Lower,Not compared,20120000,,,2012-01-01
92453,"Temporary Resident Care Home Deaths, Persons, All Ages (%)",E92000001,England,E08000010,Wigan,County & UA (4/19-3/20),Persons,All ages,,,2012,33.6673347,29.6597428,37.9244734,27.4909832,40.4570752,168.0,499.0,,,Similar,Not compared,20120000,,,2012-01-01
92453,"Temporary Resident Care Home Deaths, Persons, All Ages (%)",E92000001,England,E08000010,Wigan,District & UA (4/19-3/20),Persons,All ages,,,2012,33.6673347,29.6597428,37.9244734,27.4909832,40.4570752,168.0,499.0,,,Similar,Not compared,20120000,,,2012-01-01
92453,"Temporary Resident Care Home Deaths, Persons, All Ages (%)",E92000001,England,E08000002,Bury,District & UA (4/19-3/20),Persons,All ages,,,2012,31.25,26.8189885,36.0524383,24.4703918,38.939551,120.0,384.0,,,Similar,Not compared,20120000,,,2012-01-01
92453,"Temporary Resident Care Home Deaths, Persons, All Ages (%)",E92000001,England,E08000003,Manchester,District & UA (4/19-3/20),Persons,All ages,,,2012,29.9319728,25.8460243,34.3645189,23.6765055,37.0381361,132.0,441.0,,,Similar,Not compared,20120000,,,2012-01-01
92453,"Temporary Resident Care Home Deaths, Persons, All Ages (%)",E92000001,England,E08000004,Oldham,District & UA (4/19-3/20),Persons,All ages,,,2012,26.1235955,21.8323177,30.9246546,19.6195194,33.8751555,93.0,356.0,,,Lower,Not compared,20120000,,,2012-01-01
92453,"Temporary Resident Care Home Deaths, Persons, All Ages (%)",E92000001,England,E08000005,Rochdale,District & UA (4/19-3/20),Persons,All ages,,,2012,22.5519288,18.4137193,27.308846,16.3296383,30.28694,76.0,337.0,,,Lower,Not compared,20120000,,,2012-01-01
92453,"Temporary Resident Care Home Deaths, Persons, All Ages (%)",E92000001,England,E08000006,Salford,District & UA (4/19-3/20),Persons,All ages,,,2012,27.8350515,23.609391,32.4953049,21.4007827,35.3341687,108.0,388.0,,,Lower,Not compared,20120000,,,2012-01-01
92453,"Temporary Resident Care Home Deaths, Persons, All Ages (%)",E92000001,England,E08000007,Stockport,District & UA (4/19-3/20),Persons,All ages,,,2012,49.1921005,45.0600988,53.3351697,42.7150943,55.6963421,274.0,557.0,,,Higher,Not compared,20120000,,,2012-01-01
92453,"Temporary Resident Care Home Deaths, Persons, All Ages (%)",E92000001,England,E08000008,Tameside,District & UA (4/19-3/20),Persons,All ages,,,2012,32.0132013,27.0135608,37.4632083,24.3895564,40.7359717,97.0,303.0,,,Similar,Not compared,20120000,,,2012-01-01
92453,"Temporary Resident Care Home Deaths, Persons, All Ages (%)",E92000001,England,E08000009,Trafford,District & UA (4/19-3/20),Persons,All ages,,,2012,49.1150442,42.6667924,55.5928775,39.0849726,59.2168708,111.0,226.0,,,Higher,Not compared,20120000,,,2012-01-01
92453,"Temporary Resident Care Home Deaths, Persons, All Ages (%)",E92000001,England,E08000004,Oldham,County & UA (4/19-3/20),Persons,All ages,,,2012,26.1235955,21.8323177,30.9246546,19.6195194,33.8751555,93.0,356.0,,,Lower,Not compared,20120000,,,2012-01-01
92453,"Temporary Resident Care Home Deaths, Persons, All Ages (%)",E92000001,England,E08000002,Bury,County & UA (4/19-3/20),Persons,All ages,,,2012,31.25,26.8189885,36.0524383,24.4703918,38.939551,120.0,384.0,,,Similar,Not compared,20120000,,,2012-01-01
92453,"Temporary Resident Care Home Deaths, Persons, All Ages (%)",E92000001,England,E08000001,Bolton,County & UA (4/19-3/20),Persons,All ages,,,2012,52.7542373,48.24628,57.2177248,45.6689947,59.7302422,249.0,472.0,,,Higher,Not compared,20120000,,,2012-01-01
92453,"Temporary Resident Care Home Deaths, Persons, All Ages (%)",E92000001,England,E08000009,Trafford,County & UA (4/19-3/20),Persons,All ages,,,2012,49.1150442,42.6667924,55.5928775,39.0849726,59.2168708,111.0,226.0,,,Higher,Not compared,20120000,,,2012-01-01
92453,"Temporary Resident Care Home Deaths, Persons, All Ages (%)",E92000001,England,E08000001,Bolton,District & UA (4/19-3/20),Persons,All ages,,,2012,52.7542373,48.24628,57.2177248,45.6689947,59.7302422,249.0,472.0,,,Higher,Not compared,20120000,,,2012-01-01
92453,"Temporary Resident Care Home Deaths, Persons, All Ages (%)",E92000001,England,E08000003,Manchester,County & UA (4/19-3/20),Persons,All ages,,,2012,29.9319728,25.8460243,34.3645189,23.6765055,37.0381361,132.0,441.0,,,Similar,Not compared,20120000,,,2012-01-01
92453,"Temporary Resident Care Home Deaths, Persons, All Ages (%)",E92000001,England,E08000001,Bolton,County & UA (4/19-3/20),Persons,All ages,,,2013,50.0,45.774375,54.225625,43.3726246,56.6273754,267.0,534.0,,,Higher,Not compared,20130000,,,2013-01-01
92453,"Temporary Resident Care Home Deaths, Persons, All Ages (%)",E92000001,England,E08000002,Bury,District & UA (4/19-3/20),Persons,All ages,,,2013,30.0480769,25.8413904,34.6198751,23.6133246,37.3782907,125.0,416.0,,,Lower,Not compared,20130000,,,2013-01-01
92453,"Temporary Resident Care Home Deaths, Persons, All Ages (%)",E92000001,England,E08000006,Salford,County & UA (4/19-3/20),Persons,All ages,,,2013,29.3670886,25.0916631,34.0399677,22.8397647,36.868507,116.0,395.0,,,Lower,Not compared,20130000,,,2013-01-01
92453,"Temporary Resident Care Home Deaths, Persons, All Ages (%)",E92000001,England,E08000007,Stockport,County & UA (4/19-3/20),Persons,All ages,,,2013,46.3121784,42.3019001,50.3707375,40.0411781,52.7020446,270.0,583.0,,,Higher,Not compared,20130000,,,2013-01-01
92453,"Temporary Resident Care Home Deaths, Persons, All Ages (%)",E92000001,England,E08000008,Tameside,County & UA (4/19-3/20),Persons,All ages,,,2013,28.4789644,23.7351565,33.7512967,21.2833898,36.964862,88.0,309.0,,,Lower,Not compared,20130000,,,2013-01-01
92453,"Temporary Resident Care Home Deaths, Persons, All Ages (%)",E92000001,England,E08000009,Trafford,County & UA (4/19-3/20),Persons,All ages,,,2013,38.0136986,32.6357315,43.7029465,29.746619,47.0399479,111.0,292.0,,,Similar,Not compared,20130000,,,2013-01-01
92453,"Temporary Resident Care Home Deaths, Persons, All Ages (%)",E92000001,England,E08000010,Wigan,County & UA (4/19-3/20),Persons,All ages,,,2013,34.5521024,30.6871892,38.6324767,28.5824419,41.0518872,189.0,547.0,,,Similar,Not compared,20130000,,,2013-01-01
92453,"Temporary Resident Care Home Deaths, Persons, All Ages (%)",E92000001,England,E08000001,Bolton,District & UA (4/19-3/20),Persons,All ages,,,2013,50.0,45.774375,54.225625,43.3726246,56.6273754,267.0,534.0,,,Higher,Not compared,20130000,,,2013-01-01
92453,"Temporary Resident Care Home Deaths, Persons, All Ages (%)",E92000001,England,E08000003,Manchester,County & UA (4/19-3/20),Persons,All ages,,,2013,28.8659794,25.0116798,33.0524335,22.9640847,35.5840515,140.0,485.0,,,Lower,Not compared,20130000,,,2013-01-01
92453,"Temporary Resident Care Home Deaths, Persons, All Ages (%)",E92000001,England,E08000005,Rochdale,County & UA (4/19-3/20),Persons,All ages,,,2013,33.2493703,28.7951931,38.0246064,26.4118413,40.8738181,132.0,397.0,,,Similar,Not compared,20130000,,,2013-01-01
92453,"Temporary Resident Care Home Deaths, Persons, All Ages (%)",E92000001,England,E08000002,Bury,County & UA (4/19-3/20),Persons,All ages,,,2013,30.0480769,25.8413904,34.6198751,23.6133246,37.3782907,125.0,416.0,,,Lower,Not compared,20130000,,,2013-01-01
92453,"Temporary Resident Care Home Deaths, Persons, All Ages (%)",E92000001,England,E08000009,Trafford,District & UA (4/19-3/20),Persons,All ages,,,2013,38.0136986,32.6357315,43.7029465,29.746619,47.0399479,111.0,292.0,,,Similar,Not compared,20130000,,,2013-01-01
92453,"Temporary Resident Care Home Deaths, Persons, All Ages (%)",E92000001,England,E08000008,Tameside,District & UA (4/19-3/20),Persons,All ages,,,2013,28.4789644,23.7351565,33.7512967,21.2833898,36.964862,88.0,309.0,,,Lower,Not compared,20130000,,,2013-01-01
92453,"Temporary Resident Care Home Deaths, Persons, All Ages (%)",E92000001,England,E08000007,Stockport,District & UA (4/19-3/20),Persons,All ages,,,2013,46.3121784,42.3019001,50.3707375,40.0411781,52.7020446,270.0,583.0,,,Higher,Not compared,20130000,,,2013-01-01
92453,"Temporary Resident Care Home Deaths, Persons, All Ages (%)",E92000001,England,E08000006,Salford,District & UA (4/19-3/20),Persons,All ages,,,2013,29.3670886,25.0916631,34.0399677,22.8397647,36.868507,116.0,395.0,,,Lower,Not compared,20130000,,,2013-01-01
92453,"Temporary Resident Care Home Deaths, Persons, All Ages (%)",E92000001,England,E08000005,Rochdale,District & UA (4/19-3/20),Persons,All ages,,,2013,33.2493703,28.7951931,38.0246064,26.4118413,40.8738181,132.0,397.0,,,Similar,Not compared,20130000,,,2013-01-01
92453,"Temporary Resident Care Home Deaths, Persons, All Ages (%)",E92000001,England,E08000004,Oldham,District & UA (4/19-3/20),Persons,All ages,,,2013,28.3286119,23.880936,33.2428801,21.564234,36.2346363,100.0,353.0,,,Lower,Not compared,20130000,,,2013-01-01
92453,"Temporary Resident Care Home Deaths, Persons, All Ages (%)",E92000001,England,E08000003,Manchester,District & UA (4/19-3/20),Persons,All ages,,,2013,28.8659794,25.0116798,33.0524335,22.9640847,35.5840515,140.0,485.0,,,Lower,Not compared,20130000,,,2013-01-01
92453,"Temporary Resident Care Home Deaths, Persons, All Ages (%)",E92000001,England,E08000010,Wigan,District & UA (4/19-3/20),Persons,All ages,,,2013,34.5521024,30.6871892,38.6324767,28.5824419,41.0518872,189.0,547.0,,,Similar,Not compared,20130000,,,2013-01-01
92453,"Temporary Resident Care Home Deaths, Persons, All Ages (%)",E92000001,England,E08000004,Oldham,County & UA (4/19-3/20),Persons,All ages,,,2013,28.3286119,23.880936,33.2428801,21.564234,36.2346363,100.0,353.0,,,Lower,Not compared,20130000,,,2013-01-01
92453,"Temporary Resident Care Home Deaths, Persons, All Ages (%)",E92000001,England,E08000004,Oldham,District & UA (4/19-3/20),Persons,All ages,,,2014,29.6551724,25.5562818,34.1102455,23.3837768,36.8006378,129.0,435.0,,,Lower,Not compared,20140000,,,2014-01-01
92453,"Temporary Resident Care Home Deaths, Persons, All Ages (%)",E92000001,England,E08000001,Bolton,District & UA (4/19-3/20),Persons,All ages,,,2014,51.8930958,47.2751476,56.4789256,44.6432108,59.0641313,233.0,449.0,,,Higher,Not compared,20140000,,,2014-01-01
92453,"Temporary Resident Care Home Deaths, Persons, All Ages (%)",E92000001,England,E08000002,Bury,District & UA (4/19-3/20),Persons,All ages,,,2014,28.992629,24.7972655,33.5808397,22.587424,36.3610359,118.0,407.0,,,Lower,Not compared,20140000,,,2014-01-01
92453,"Temporary Resident Care Home Deaths, Persons, All Ages (%)",E92000001,England,E08000003,Manchester,District & UA (4/19-3/20),Persons,All ages,,,2014,30.994152,27.1458574,35.1249712,25.079967,37.6029967,159.0,513.0,,,Similar,Not compared,20140000,,,2014-01-01
92453,"Temporary Resident Care Home Deaths, Persons, All Ages (%)",E92000001,England,E08000006,Salford,District & UA (4/19-3/20),Persons,All ages,,,2014,28.6135693,24.0631564,33.6432422,21.6957205,36.703306,97.0,339.0,,,Lower,Not compared,20140000,,,2014-01-01
92453,"Temporary Resident Care Home Deaths, Persons, All Ages (%)",E92000001,England,E08000008,Tameside,District & UA (4/19-3/20),Persons,All ages,,,2014,19.858156,15.6208183,24.9056537,13.5582973,28.1325719,56.0,282.0,,,Lower,Not compared,20140000,,,2014-01-01
92453,"Temporary Resident Care Home Deaths, Persons, All Ages (%)",E92000001,England,E08000005,Rochdale,District & UA (4/19-3/20),Persons,All ages,,,2014,40.9756098,36.3204795,45.7982768,33.7586178,48.6034173,168.0,410.0,,,Higher,Not compared,20140000,,,2014-01-01
92453,"Temporary Resident Care Home Deaths, Persons, All Ages (%)",E92000001,England,E08000010,Wigan,County & UA (4/19-3/20),Persons,All ages,,,2014,37.7142857,33.6717799,41.9352762,31.4519983,44.4155329,198.0,525.0,,,Similar,Not compared,20140000,,,2014-01-01
92453,"Temporary Resident Care Home Deaths, Persons, All Ages (%)",E92000001,England,E08000009,Trafford,County & UA (4/19-3/20),Persons,All ages,,,2014,43.1893688,37.7140247,48.8363612,34.7100924,52.087505,130.0,301.0,,,Higher,Not compared,20140000,,,2014-01-01
92453,"Temporary Resident Care Home Deaths, Persons, All Ages (%)",E92000001,England,E08000007,Stockport,District & UA (4/19-3/20),Persons,All ages,,,2014,43.9178515,40.0998892,47.8091894,37.9573555,50.0591326,278.0,633.0,,,Higher,Not compared,20140000,,,2014-01-01
92453,"Temporary Resident Care Home Deaths, Persons, All Ages (%)",E92000001,England,E08000007,Stockport,County & UA (4/19-3/20),Persons,All ages,,,2014,43.9178515,40.0998892,47.8091894,37.9573555,50.0591326,278.0,633.0,,,Higher,Not compared,20140000,,,2014-01-01
92453,"Temporary Resident Care Home Deaths, Persons, All Ages (%)",E92000001,England,E08000006,Salford,County & UA (4/19-3/20),Persons,All ages,,,2014,28.6135693,24.0631564,33.6432422,21.6957205,36.703306,97.0,339.0,,,Lower,Not compared,20140000,,,2014-01-01
92453,"Temporary Resident Care Home Deaths, Persons, All Ages (%)",E92000001,England,E08000008,Tameside,County & UA (4/19-3/20),Persons,All ages,,,2014,19.858156,15.6208183,24.9056537,13.5582973,28.1325719,56.0,282.0,,,Lower,Not compared,20140000,,,2014-01-01
92453,"Temporary Resident Care Home Deaths, Persons, All Ages (%)",E92000001,England,E08000004,Oldham,County & UA (4/19-3/20),Persons,All ages,,,2014,29.6551724,25.5562818,34.1102455,23.3837768,36.8006378,129.0,435.0,,,Lower,Not compared,20140000,,,2014-01-01
92453,"Temporary Resident Care Home Deaths, Persons, All Ages (%)",E92000001,England,E08000003,Manchester,County & UA (4/19-3/20),Persons,All ages,,,2014,30.994152,27.1458574,35.1249712,25.079967,37.6029967,159.0,513.0,,,Similar,Not compared,20140000,,,2014-01-01
92453,"Temporary Resident Care Home Deaths, Persons, All Ages (%)",E92000001,England,E08000002,Bury,County & UA (4/19-3/20),Persons,All ages,,,2014,28.992629,24.7972655,33.5808397,22.587424,36.3610359,118.0,407.0,,,Lower,Not compared,20140000,,,2014-01-01
92453,"Temporary Resident Care Home Deaths, Persons, All Ages (%)",E92000001,England,E08000001,Bolton,County & UA (4/19-3/20),Persons,All ages,,,2014,51.8930958,47.2751476,56.4789256,44.6432108,59.0641313,233.0,449.0,,,Higher,Not compared,20140000,,,2014-01-01
92453,"Temporary Resident Care Home Deaths, Persons, All Ages (%)",E92000001,England,E08000010,Wigan,District & UA (4/19-3/20),Persons,All ages,,,2014,37.7142857,33.6717799,41.9352762,31.4519983,44.4155329,198.0,525.0,,,Similar,Not compared,20140000,,,2014-01-01
92453,"Temporary Resident Care Home Deaths, Persons, All Ages (%)",E92000001,England,E08000009,Trafford,District & UA (4/19-3/20),Persons,All ages,,,2014,43.1893688,37.7140247,48.8363612,34.7100924,52.087505,130.0,301.0,,,Higher,Not compared,20140000,,,2014-01-01
92453,"Temporary Resident Care Home Deaths, Persons, All Ages (%)",E92000001,England,E08000005,Rochdale,County & UA (4/19-3/20),Persons,All ages,,,2014,40.9756098,36.3204795,45.7982768,33.7586178,48.6034173,168.0,410.0,,,Higher,Not compared,20140000,,,2014-01-01
92453,"Temporary Resident Care Home Deaths, Persons, All Ages (%)",E92000001,England,E08000001,Bolton,County & UA (4/19-3/20),Persons,All ages,,,2015,51.0166359,46.8119374,55.2069985,44.4152311,57.5827726,276.0,541.0,,,Higher,Not compared,20150000,,,2015-01-01
92453,"Temporary Resident Care Home Deaths, Persons, All Ages (%)",E92000001,England,E08000002,Bury,County & UA (4/19-3/20),Persons,All ages,,,2015,29.7297297,25.6668483,34.1403566,23.5105671,36.802478,132.0,444.0,,,Similar,Not compared,20150000,,,2015-01-01
92453,"Temporary Resident Care Home Deaths, Persons, All Ages (%)",E92000001,England,E08000003,Manchester,County & UA (4/19-3/20),Persons,All ages,,,2015,28.6245353,24.9671786,32.5849806,23.0164082,34.9782599,154.0,538.0,,,Lower,Not compared,20150000,,,2015-01-01
92453,"Temporary Resident Care Home Deaths, Persons, All Ages (%)",E92000001,England,E08000004,Oldham,County & UA (4/19-3/20),Persons,All ages,,,2015,28.0922432,24.2462101,32.2883199,22.2109264,34.8335296,134.0,477.0,,,Lower,Not compared,20150000,,,2015-01-01
92453,"Temporary Resident Care Home Deaths, Persons, All Ages (%)",E92000001,England,E08000005,Rochdale,County & UA (4/19-3/20),Persons,All ages,,,2015,42.5742574,37.8449283,47.4434727,35.2300674,50.2613926,172.0,404.0,,,Higher,Not compared,20150000,,,2015-01-01
92453,"Temporary Resident Care Home Deaths, Persons, All Ages (%)",E92000001,England,E08000006,Salford,County & UA (4/19-3/20),Persons,All ages,,,2015,30.6233062,26.1400592,35.505837,23.7749462,38.4492843,113.0,369.0,,,Similar,Not compared,20150000,,,2015-01-01
92453,"Temporary Resident Care Home Deaths, Persons, All Ages (%)",E92000001,England,E08000007,Stockport,County & UA (4/19-3/20),Persons,All ages,,,2015,49.3975904,45.6092149,53.192896,43.4530024,55.3592602,328.0,664.0,,,Higher,Not compared,20150000,,,2015-01-01
92453,"Temporary Resident Care Home Deaths, Persons, All Ages (%)",E92000001,England,E08000009,Trafford,County & UA (4/19-3/20),Persons,All ages,,,2015,42.8115016,37.4496514,48.3476619,34.5077882,51.5408663,134.0,313.0,,,Higher,Not compared,20150000,,,2015-01-01
92453,"Temporary Resident Care Home Deaths, Persons, All Ages (%)",E92000001,England,E08000010,Wigan,County & UA (4/19-3/20),Persons,All ages,,,2015,33.1491713,29.3202239,37.2148665,27.2449097,39.6358878,180.0,543.0,,,Similar,Not compared,20150000,,,2015-01-01
92453,"Temporary Resident Care Home Deaths, Persons, All Ages (%)",E92000001,England,E08000001,Bolton,District & UA (4/19-3/20),Persons,All ages,,,2015,51.0166359,46.8119374,55.2069985,44.4152311,57.5827726,276.0,541.0,,,Higher,Not compared,20150000,,,2015-01-01
92453,"Temporary Resident Care Home Deaths, Persons, All Ages (%)",E92000001,England,E08000002,Bury,District & UA (4/19-3/20),Persons,All ages,,,2015,29.7297297,25.6668483,34.1403566,23.5105671,36.802478,132.0,444.0,,,Similar,Not compared,20150000,,,2015-01-01
92453,"Temporary Resident Care Home Deaths, Persons, All Ages (%)",E92000001,England,E08000003,Manchester,District & UA (4/19-3/20),Persons,All ages,,,2015,28.6245353,24.9671786,32.5849806,23.0164082,34.9782599,154.0,538.0,,,Lower,Not compared,20150000,,,2015-01-01
92453,"Temporary Resident Care Home Deaths, Persons, All Ages (%)",E92000001,England,E08000004,Oldham,District & UA (4/19-3/20),Persons,All ages,,,2015,28.0922432,24.2462101,32.2883199,22.2109264,34.8335296,134.0,477.0,,,Lower,Not compared,20150000,,,2015-01-01
92453,"Temporary Resident Care Home Deaths, Persons, All Ages (%)",E92000001,England,E08000005,Rochdale,District & UA (4/19-3/20),Persons,All ages,,,2015,42.5742574,37.8449283,47.4434727,35.2300674,50.2613926,172.0,404.0,,,Higher,Not compared,20150000,,,2015-01-01
92453,"Temporary Resident Care Home Deaths, Persons, All Ages (%)",E92000001,England,E08000006,Salford,District & UA (4/19-3/20),Persons,All ages,,,2015,30.6233062,26.1400592,35.505837,23.7749462,38.4492843,113.0,369.0,,,Similar,Not compared,20150000,,,2015-01-01
92453,"Temporary Resident Care Home Deaths, Persons, All Ages (%)",E92000001,England,E08000007,Stockport,District & UA (4/19-3/20),Persons,All ages,,,2015,49.3975904,45.6092149,53.192896,43.4530024,55.3592602,328.0,664.0,,,Higher,Not compared,20150000,,,2015-01-01
92453,"Temporary Resident Care Home Deaths, Persons, All Ages (%)",E92000001,England,E08000008,Tameside,District & UA (4/19-3/20),Persons,All ages,,,2015,20.9726444,16.9211919,25.6941299,14.9051068,28.677743,69.0,329.0,,,Lower,Not compared,20150000,,,2015-01-01
92453,"Temporary Resident Care Home Deaths, Persons, All Ages (%)",E92000001,England,E08000009,Trafford,District & UA (4/19-3/20),Persons,All ages,,,2015,42.8115016,37.4496514,48.3476619,34.5077882,51.5408663,134.0,313.0,,,Higher,Not compared,20150000,,,2015-01-01
92453,"Temporary Resident Care Home Deaths, Persons, All Ages (%)",E92000001,England,E08000010,Wigan,District & UA (4/19-3/20),Persons,All ages,,,2015,33.1491713,29.3202239,37.2148665,27.2449097,39.6358878,180.0,543.0,,,Similar,Not compared,20150000,,,2015-01-01
92453,"Temporary Resident Care Home Deaths, Persons, All Ages (%)",E92000001,England,E08000008,Tameside,County & UA (4/19-3/20),Persons,All ages,,,2015,20.9726444,16.9211919,25.6941299,14.9051068,28.677743,69.0,329.0,,,Lower,Not compared,20150000,,,2015-01-01
92453,"Temporary Resident Care Home Deaths, Persons, All Ages (%)",E92000001,England,E08000001,Bolton,District & UA (4/19-3/20),Persons,All ages,,,2016,52.1072797,47.822086,56.3616845,45.373503,58.7653398,272.0,522.0,,,Higher,Not compared,20160000,,,2016-01-01
92453,"Temporary Resident Care Home Deaths, Persons, All Ages (%)",E92000001,England,E08000002,Bury,District & UA (4/19-3/20),Persons,All ages,,,2016,26.8518519,22.8901184,31.2216358,20.8156479,33.8893209,116.0,432.0,,,Lower,Not compared,20160000,,,2016-01-01
92453,"Temporary Resident Care Home Deaths, Persons, All Ages (%)",E92000001,England,E08000003,Manchester,District & UA (4/19-3/20),Persons,All ages,,,2016,27.9503106,24.1342579,32.1143326,22.1147057,34.6409129,135.0,483.0,,,Lower,Not compared,20160000,,,2016-01-01
92453,"Temporary Resident Care Home Deaths, Persons, All Ages (%)",E92000001,England,E08000005,Rochdale,District & UA (4/19-3/20),Persons,All ages,,,2016,31.0588235,26.8456378,35.6113503,24.6027804,38.3473584,132.0,425.0,,,Similar,Not compared,20160000,,,2016-01-01
92453,"Temporary Resident Care Home Deaths, Persons, All Ages (%)",E92000001,England,E08000006,Salford,District & UA (4/19-3/20),Persons,All ages,,,2016,30.9309309,26.2076304,36.0891723,23.7269054,39.1981648,103.0,333.0,,,Similar,Not compared,20160000,,,2016-01-01
92453,"Temporary Resident Care Home Deaths, Persons, All Ages (%)",E92000001,England,E08000004,Oldham,District & UA (4/19-3/20),Persons,All ages,,,2016,28.3783784,24.3842899,32.7433953,22.2760424,35.3912056,126.0,444.0,,,Lower,Not compared,20160000,,,2016-01-01
92453,"Temporary Resident Care Home Deaths, Persons, All Ages (%)",E92000001,England,E08000008,Tameside,District & UA (4/19-3/20),Persons,All ages,,,2016,22.8486647,18.6868602,27.6224882,16.5871608,30.6065356,77.0,337.0,,,Lower,Not compared,20160000,,,2016-01-01
92453,"Temporary Resident Care Home Deaths, Persons, All Ages (%)",E92000001,England,E08000010,Wigan,District & UA (4/19-3/20),Persons,All ages,,,2016,32.9768271,29.2138197,36.971382,27.1728718,39.3506309,185.0,561.0,,,Similar,Not compared,20160000,,,2016-01-01
92453,"Temporary Resident Care Home Deaths, Persons, All Ages (%)",E92000001,England,E08000001,Bolton,County & UA (4/19-3/20),Persons,All ages,,,2016,52.1072797,47.822086,56.3616845,45.373503,58.7653398,272.0,522.0,,,Higher,Not compared,20160000,,,2016-01-01
92453,"Temporary Resident Care Home Deaths, Persons, All Ages (%)",E92000001,England,E08000002,Bury,County & UA (4/19-3/20),Persons,All ages,,,2016,26.8518519,22.8901184,31.2216358,20.8156479,33.8893209,116.0,432.0,,,Lower,Not compared,20160000,,,2016-01-01
92453,"Temporary Resident Care Home Deaths, Persons, All Ages (%)",E92000001,England,E08000003,Manchester,County & UA (4/19-3/20),Persons,All ages,,,2016,27.9503106,24.1342579,32.1143326,22.1147057,34.6409129,135.0,483.0,,,Lower,Not compared,20160000,,,2016-01-01
92453,"Temporary Resident Care Home Deaths, Persons, All Ages (%)",E92000001,England,E08000004,Oldham,County & UA (4/19-3/20),Persons,All ages,,,2016,28.3783784,24.3842899,32.7433953,22.2760424,35.3912056,126.0,444.0,,,Lower,Not compared,20160000,,,2016-01-01
92453,"Temporary Resident Care Home Deaths, Persons, All Ages (%)",E92000001,England,E08000005,Rochdale,County & UA (4/19-3/20),Persons,All ages,,,2016,31.0588235,26.8456378,35.6113503,24.6027804,38.3473584,132.0,425.0,,,Similar,Not compared,20160000,,,2016-01-01
92453,"Temporary Resident Care Home Deaths, Persons, All Ages (%)",E92000001,England,E08000006,Salford,County & UA (4/19-3/20),Persons,All ages,,,2016,30.9309309,26.2076304,36.0891723,23.7269054,39.1981648,103.0,333.0,,,Similar,Not compared,20160000,,,2016-01-01
92453,"Temporary Resident Care Home Deaths, Persons, All Ages (%)",E92000001,England,E08000007,Stockport,County & UA (4/19-3/20),Persons,All ages,,,2016,46.0869565,42.0521113,50.1737393,39.7794324,52.5223321,265.0,575.0,,,Higher,Not compared,20160000,,,2016-01-01
92453,"Temporary Resident Care Home Deaths, Persons, All Ages (%)",E92000001,England,E08000008,Tameside,County & UA (4/19-3/20),Persons,All ages,,,2016,22.8486647,18.6868602,27.6224882,16.5871608,30.6065356,77.0,337.0,,,Lower,Not compared,20160000,,,2016-01-01
92453,"Temporary Resident Care Home Deaths, Persons, All Ages (%)",E92000001,England,E08000009,Trafford,District & UA (4/19-3/20),Persons,All ages,,,2016,40.9240924,35.5349844,46.5404495,32.6023073,49.8004821,124.0,303.0,,,Higher,Not compared,20160000,,,2016-01-01
92453,"Temporary Resident Care Home Deaths, Persons, All Ages (%)",E92000001,England,E08000009,Trafford,County & UA (4/19-3/20),Persons,All ages,,,2016,40.9240924,35.5349844,46.5404495,32.6023073,49.8004821,124.0,303.0,,,Higher,Not compared,20160000,,,2016-01-01
92453,"Temporary Resident Care Home Deaths, Persons, All Ages (%)",E92000001,England,E08000007,Stockport,District & UA (4/19-3/20),Persons,All ages,,,2016,46.0869565,42.0521113,50.1737393,39.7794324,52.5223321,265.0,575.0,,,Higher,Not compared,20160000,,,2016-01-01
92453,"Temporary Resident Care Home Deaths, Persons, All Ages (%)",E92000001,England,E08000010,Wigan,County & UA (4/19-3/20),Persons,All ages,,,2016,32.9768271,29.2138197,36.971382,27.1728718,39.3506309,185.0,561.0,,,Similar,Not compared,20160000,,,2016-01-01
92453,"Temporary Resident Care Home Deaths, Persons, All Ages (%)",E92000001,England,E08000008,Tameside,District & UA (4/19-3/20),Persons,All ages,,,2017,24.1176471,19.87582,28.9377988,17.7185754,31.9309071,82.0,340.0,,No significant change,Lower,Not compared,20170000,,,2017-01-01
92453,"Temporary Resident Care Home Deaths, Persons, All Ages (%)",E92000001,England,E08000007,Stockport,District & UA (4/19-3/20),Persons,All ages,,,2017,46.4849354,42.8115513,50.1968532,40.7337722,52.3311161,324.0,697.0,,No significant change,Higher,Not compared,20170000,,,2017-01-01
92453,"Temporary Resident Care Home Deaths, Persons, All Ages (%)",E92000001,England,E08000006,Salford,District & UA (4/19-3/20),Persons,All ages,,,2017,30.2777778,25.7603553,35.2116569,23.383975,38.1908651,109.0,360.0,,No significant change,Similar,Not compared,20170000,,,2017-01-01
92453,"Temporary Resident Care Home Deaths, Persons, All Ages (%)",E92000001,England,E08000004,Oldham,District & UA (4/19-3/20),Persons,All ages,,,2017,27.7511962,23.676034,32.2315715,21.5377372,34.9585318,116.0,418.0,,No significant change,Lower,Not compared,20170000,,,2017-01-01
92453,"Temporary Resident Care Home Deaths, Persons, All Ages (%)",E92000001,England,E08000003,Manchester,District & UA (4/19-3/20),Persons,All ages,,,2017,27.4226804,23.6413677,31.5588314,21.6440428,34.0732344,133.0,485.0,,No significant change,Lower,Not compared,20170000,,,2017-01-01
92453,"Temporary Resident Care Home Deaths, Persons, All Ages (%)",E92000001,England,E08000002,Bury,District & UA (4/19-3/20),Persons,All ages,,,2017,31.2364425,27.1755151,35.6074948,25.0039181,38.2305584,144.0,461.0,,No significant change,Similar,Not compared,20170000,,,2017-01-01
92453,"Temporary Resident Care Home Deaths, Persons, All Ages (%)",E92000001,England,E08000001,Bolton,District & UA (4/19-3/20),Persons,All ages,,,2017,60.5691057,56.1849375,64.7895087,53.6214799,67.1142586,298.0,492.0,,No significant change,Higher,Not compared,20170000,,,2017-01-01
92453,"Temporary Resident Care Home Deaths, Persons, All Ages (%)",E92000001,England,E08000005,Rochdale,District & UA (4/19-3/20),Persons,All ages,,,2017,32.25058,28.0111493,36.8036132,25.7425674,39.5280804,139.0,431.0,,No significant change,Similar,Not compared,20170000,,,2017-01-01
92453,"Temporary Resident Care Home Deaths, Persons, All Ages (%)",E92000001,England,E08000010,Wigan,County & UA (4/19-3/20),Persons,All ages,,,2017,37.5874126,33.7133723,41.6270625,31.581273,44.0012026,215.0,572.0,,No significant change,Similar,Not compared,20170000,,,2017-01-01
92453,"Temporary Resident Care Home Deaths, Persons, All Ages (%)",E92000001,England,E08000009,Trafford,County & UA (4/19-3/20),Persons,All ages,,,2017,36.939314,32.2339697,41.906762,29.687064,44.8335592,140.0,379.0,,No significant change,Similar,Not compared,20170000,,,2017-01-01
92453,"Temporary Resident Care Home Deaths, Persons, All Ages (%)",E92000001,England,E08000008,Tameside,County & UA (4/19-3/20),Persons,All ages,,,2017,24.1176471,19.87582,28.9377988,17.7185754,31.9309071,82.0,340.0,,No significant change,Lower,Not compared,20170000,,,2017-01-01
92453,"Temporary Resident Care Home Deaths, Persons, All Ages (%)",E92000001,England,E08000007,Stockport,County & UA (4/19-3/20),Persons,All ages,,,2017,46.4849354,42.8115513,50.1968532,40.7337722,52.3311161,324.0,697.0,,No significant change,Higher,Not compared,20170000,,,2017-01-01
92453,"Temporary Resident Care Home Deaths, Persons, All Ages (%)",E92000001,England,E08000006,Salford,County & UA (4/19-3/20),Persons,All ages,,,2017,30.2777778,25.7603553,35.2116569,23.383975,38.1908651,109.0,360.0,,No significant change,Similar,Not compared,20170000,,,2017-01-01
92453,"Temporary Resident Care Home Deaths, Persons, All Ages (%)",E92000001,England,E08000005,Rochdale,County & UA (4/19-3/20),Persons,All ages,,,2017,32.25058,28.0111493,36.8036132,25.7425674,39.5280804,139.0,431.0,,No significant change,Similar,Not compared,20170000,,,2017-01-01
92453,"Temporary Resident Care Home Deaths, Persons, All Ages (%)",E92000001,England,E08000004,Oldham,County & UA (4/19-3/20),Persons,All ages,,,2017,27.7511962,23.676034,32.2315715,21.5377372,34.9585318,116.0,418.0,,No significant change,Lower,Not compared,20170000,,,2017-01-01
92453,"Temporary Resident Care Home Deaths, Persons, All Ages (%)",E92000001,England,E08000003,Manchester,County & UA (4/19-3/20),Persons,All ages,,,2017,27.4226804,23.6413677,31.5588314,21.6440428,34.0732344,133.0,485.0,,No significant change,Lower,Not compared,20170000,,,2017-01-01
92453,"Temporary Resident Care Home Deaths, Persons, All Ages (%)",E92000001,England,E08000002,Bury,County & UA (4/19-3/20),Persons,All ages,,,2017,31.2364425,27.1755151,35.6074948,25.0039181,38.2305584,144.0,461.0,,No significant change,Similar,Not compared,20170000,,,2017-01-01
92453,"Temporary Resident Care Home Deaths, Persons, All Ages (%)",E92000001,England,E08000001,Bolton,County & UA (4/19-3/20),Persons,All ages,,,2017,60.5691057,56.1849375,64.7895087,53.6214799,67.1142586,298.0,492.0,,No significant change,Higher,Not compared,20170000,,,2017-01-01
92453,"Temporary Resident Care Home Deaths, Persons, All Ages (%)",E92000001,England,E08000009,Trafford,District & UA (4/19-3/20),Persons,All ages,,,2017,36.939314,32.2339697,41.906762,29.687064,44.8335592,140.0,379.0,,No significant change,Similar,Not compared,20170000,,,2017-01-01
92453,"Temporary Resident Care Home Deaths, Persons, All Ages (%)",E92000001,England,E08000010,Wigan,District & UA (4/19-3/20),Persons,All ages,,,2017,37.5874126,33.7133723,41.6270625,31.581273,44.0012026,215.0,572.0,,No significant change,Similar,Not compared,20170000,,,2017-01-01
